-- phpMyAdmin SQL Dump
-- version 5.2.1
-- https://www.phpmyadmin.net/
--
-- Servidor: 127.0.0.1
-- Tiempo de generación: 15-10-2025 a las 22:34:46
-- Versión del servidor: 10.4.32-MariaDB
-- Versión de PHP: 8.2.12

SET SQL_MODE = "NO_AUTO_VALUE_ON_ZERO";
START TRANSACTION;
SET time_zone = "+00:00";


/*!40101 SET @OLD_CHARACTER_SET_CLIENT=@@CHARACTER_SET_CLIENT */;
/*!40101 SET @OLD_CHARACTER_SET_RESULTS=@@CHARACTER_SET_RESULTS */;
/*!40101 SET @OLD_COLLATION_CONNECTION=@@COLLATION_CONNECTION */;
/*!40101 SET NAMES utf8mb4 */;

--
-- Base de datos: `asistapp`
--

-- --------------------------------------------------------

--
-- Estructura de tabla para la tabla `attendance`
--

CREATE TABLE `attendance` (
  `id` bigint(20) UNSIGNED NOT NULL,
  `referenced_id` int(11) NOT NULL,
  `referenced_table` varchar(20) NOT NULL,
  `fecha_registro` date NOT NULL,
  `hora_registro` time NOT NULL,
  `tipo` enum('entrada','salida') NOT NULL DEFAULT 'entrada'
) ENGINE=InnoDB DEFAULT CHARSET=utf8mb4 COLLATE=utf8mb4_general_ci;

--
-- Volcado de datos para la tabla `attendance`
--

INSERT INTO `attendance` (`id`, `referenced_id`, `referenced_table`, `fecha_registro`, `hora_registro`, `tipo`) VALUES
(1, -1, 'usuarios', '2025-09-15', '11:42:13', 'entrada'),
(2, -1, 'usuarios', '2025-10-01', '14:08:57', 'entrada'),
(3, -1, 'usuarios', '2025-10-11', '11:51:18', 'salida'),
(4, -1, 'usuarios', '2025-10-11', '11:51:31', 'salida');

-- --------------------------------------------------------

--
-- Estructura de tabla para la tabla `ubicaciones`
--

CREATE TABLE `ubicaciones` (
  `id` int(11) NOT NULL,
  `user_id` int(11) NOT NULL,
  `latitude` double NOT NULL,
  `longitude` double NOT NULL,
  `timestamp` datetime DEFAULT current_timestamp()
) ENGINE=InnoDB DEFAULT CHARSET=utf8mb4 COLLATE=utf8mb4_general_ci;

--
-- Volcado de datos para la tabla `ubicaciones`
--

INSERT INTO `ubicaciones` (`id`, `user_id`, `latitude`, `longitude`, `timestamp`) VALUES
(1, 37, -16.3454657, -71.545755, '2025-09-15 12:20:40'),
(2, 1, -16.3454483, -71.5457879, '2025-09-23 14:12:32'),
(3, 1, -16.3454592, -71.5457677, '2025-09-23 14:27:35'),
(4, 1, -16.3454696, -71.5458074, '2025-09-24 10:13:26'),
(5, 38, -16.3454287, -71.5457874, '2025-09-24 10:28:37'),
(6, 38, -16.3453417, -71.545605, '2025-09-24 10:43:39'),
(7, 38, -16.3454676, -71.5457846, '2025-09-24 10:58:43'),
(8, 38, -16.345474, -71.5457986, '2025-09-24 11:13:44'),
(9, 1, -16.4206254, -71.5471192, '2025-09-26 14:22:02'),
(10, 38, -16.3454744, -71.5458068, '2025-09-29 14:07:34'),
(11, 38, -16.345466, -71.5458057, '2025-09-29 14:30:50'),
(12, 35, -16.3454726, -71.5457946, '2025-09-29 14:55:15'),
(13, 1, -16.3453991, -71.545772, '2025-09-29 14:56:49'),
(14, 38, -16.3454663, -71.5458019, '2025-09-29 15:23:34'),
(15, 38, -16.3454872, -71.5458079, '2025-09-29 15:47:16'),
(16, 38, -16.3454562, -71.5457475, '2025-10-01 13:58:59'),
(17, 38, -16.3454736, -71.5457592, '2025-10-06 11:00:49'),
(18, 38, -16.3454736, -71.5457592, '2025-10-06 11:01:01'),
(19, 38, -16.3454717, -71.5457948, '2025-10-07 17:30:51'),
(20, 1, -16.3454444, -71.5457388, '2025-10-11 11:33:02'),
(21, 39, -16.3454817, -71.5457897, '2025-10-11 11:48:05'),
(22, 39, -16.3454579, -71.5457906, '2025-10-11 12:04:37'),
(23, 39, -16.3454528, -71.5457778, '2025-10-13 11:26:49'),
(24, 39, -16.345451, -71.5457756, '2025-10-13 13:39:48'),
(25, 39, -16.3454822, -71.5457109, '2025-10-13 13:54:52'),
(26, 39, -16.3454139, -71.5457168, '2025-10-13 14:43:34'),
(27, 39, -16.3454702, -71.5457781, '2025-10-14 15:33:43'),
(28, 39, -16.3454268, -71.5457865, '2025-10-15 14:37:41');

-- --------------------------------------------------------

--
-- Estructura de tabla para la tabla `users`
--

CREATE TABLE `users` (
  `id` int(11) NOT NULL,
  `foto` text NOT NULL,
  `nombre` varchar(255) NOT NULL,
  `apellidos` varchar(50) NOT NULL,
  `edad` tinyint(4) NOT NULL,
  `domicilio` varchar(255) NOT NULL,
  `celular` varchar(10) NOT NULL,
  `horario` varchar(50) NOT NULL,
  `correo` varchar(255) NOT NULL,
  `contraseña` varchar(255) NOT NULL,
  `confirmar_contraseña` varchar(20) NOT NULL,
  `fecha_nacimiento` date NOT NULL,
  `equipo` varchar(50) NOT NULL,
  `registro_facial` text NOT NULL,
  `created_at` timestamp NOT NULL DEFAULT current_timestamp()
) ENGINE=InnoDB DEFAULT CHARSET=utf8mb4 COLLATE=utf8mb4_general_ci;

--
-- Volcado de datos para la tabla `users`
--

INSERT INTO `users` (`id`, `foto`, `nombre`, `apellidos`, `edad`, `domicilio`, `celular`, `horario`, `correo`, `contraseña`, `confirmar_contraseña`, `fecha_nacimiento`, `equipo`, `registro_facial`, `created_at`) VALUES
(1, '', 'boliyo', 'caseres', 12, '', '123456789', 'Mañana', 'boliyo@gmail.com', '$2y$10$C6UzMDM.H6dfI/f/IKcEeOZrjH8d5r0W0l8S.7Q1tXZdK8xj8Hq6e', '', '2025-09-09', 'Marketing', '', '2025-09-10 02:46:46'),
(29, '', 'ximena', 'apaza', 30, '', '908243567', 'Mañana', 'ximena@gmail.com', '$2y$10$IMO2LyVHKsqAs', '', '2025-09-11', 'Marketing', '', '2025-09-12 01:50:57'),
(30, '', 'pedro', 'arana', 20, '', '990876543', 'Tarde', 'pedro@gmail.com', '$2y$10$vuz.qzf8B0WtwqezZ1y3/..dmqMnmRHKKegxGvTGgZT94XL0oOdk.', '', '2025-09-11', 'Diseño Gráfico', '', '2025-09-12 02:45:49'),
(31, '', 'susan', 'torres', 30, '', '908654765', 'Mañana', 'susan@gmail.com', '$2y$10$A89deoLbQyYtjJCZtR4WUOxNd3nnGcu4pmcOUxSmC8Q10LOSlC/4W', '', '2025-09-09', 'Diseño Gráfico', '', '2025-09-13 02:11:05'),
(32, '', 'samira', 'cochaturi', 20, '', '234789901', 'Mañana', 'samira@gmail.com', '$2y$10$Nk4xN69bpnthlWFrL0vjE.RFtM8aiB8ppx/iQgTKbpGXgoO5oOPW6', '', '2025-09-11', 'Marketing', '', '2025-09-13 04:02:09'),
(33, '', 'falcon', 'mejia', 32, '', '908456001', 'Tarde', 'falcon@gmail.com', '$2y$10$FTgxXcR8iGC21EwKvmNe/.yS0jpzqtNCFpBB5h7XF3VSmYlnQYCVC', '', '2025-09-11', 'Diseño Gráfico', '-0.36567402,0.7498303,0.33478042,0.38498986,-1.5738109,2.9868195,-0.14301847,6.182292,-2.125299,4.1263328,-0.59646314,-0.15633906,-0.26729757,0.48503834,-0.17829007,-1.1414065,-0.37243286,-0.19338806,0.38298643,-0.12836625,-5.4421573,2.1335614,0.09859468,0.41581768,-4.055197,0.79290956,-0.9416587,6.476659,7.1044955,0.18813522,0.121276975,11.595249,3.5007813,-0.029359996,-13.722627,5.754536,-2.01937,-0.55518365,-0.13793144,-4.274474,0.35132414,0.17525548,0.22470188,-0.1697504,0.5554177,-1.4234029,1.9656231,0.4423629,-0.43733084,-0.460533,-2.8044477,-0.2039304,-7.578107,0.028766122,0.1792267,0.3142985,5.359913,0.20421988,-3.0213377,0.5595171,2.312335,-1.0917983,-0.76904595,8.409158,-0.3129338,-5.2440715,-0.30389675,-0.981549,0.5660802,-0.2857887,-1.0460168,-7.2070165,8.294433,0.024872743,-1.0853469,0.48240116,-0.3062378,-0.20220321,4.4671025,-6.424177,-0.069504276,-2.2700403,-0.42554817,1.0682408,-0.16771248,-0.012341132,0.15438972,-1.987352,-2.2911363,4.2519245,-6.4211774,0.08217776,0.6461546,-0.77182883,6.402469,-2.0209498,1.1288203,1.062203,0.3712926,-0.35047743,0.14866401,-0.17100589,-0.03264597,-0.13319741,0.0776758,0.22424404,-0.29085368,0.014418624,0.32494873,1.0400001,-4.465907,0.36237907,0.22931671,13.691345,0.48917598,-7.393921,0.18209593,-1.4004788,6.0073333,0.8628623,1.1331763,-1.3278627,-6.048741,0.058130328,-0.059899643,0.03423426,0.20461448,0.013375349,-0.015688797,-3.3408847,0.46340623,0.846014,-0.084827036,-1.3806643,0.35396877,-0.63061506,-7.000854,1.1028748,0.13065559,-0.22914019,0.24418342,-0.11740766,0.1008348,-3.22602,-8.00956,0.5645328,-1.5152444,-0.14646548,0.22217414,-0.45376137,-0.08546505,-3.473701,-1.4960107,-0.6313485,0.17659011,0.36440605,0.04394705,0.29691556,-2.7251074,0.019163813,-1.6046863,0.12601748,-0.31479153,-0.091115825,0.37166908,0.7277521,0.47033843,-4.5053735,0.11824554,0.24383058,9.373752,-1.2155117,-0.07168704,-0.87304336,-0.8449246,0.011258976,0.86376184,-2.6713736,-0.2506533,0.062368315,1.2385817,1.1714368,0.4078719,-0.31911835,1.7379324,2.3070416,1.2039182,3.2875338,-2.4614081,-5.6640506,-1.7404419,-0.0912626', '2025-09-13 04:04:33'),
(34, '', 'lizy', 'quispe', 19, '', '908454789', 'Tarde', 'lizy@gmail.com', '$2y$10$OXAegmd4ONn2RQPvmc4cueYKV/6xrnuY8b9A1wWoiQBLAQaUnrzFW', '', '2025-09-12', 'Ciberseguridad', '-0.36029214,0.576305,0.25680262,0.06220117,-1.6877353,4.0277066,-0.773863,5.8379145,3.2911565,7.5868273,-0.6560509,-0.07689642,-0.11785646,0.50621134,0.0062548406,0.5013084,-1.0564071,-0.7563321,-0.09321007,0.122510105,-1.3607941,0.91730505,-2.5352666,0.4646753,-0.43647864,0.012673986,-1.2128599,-0.03589703,9.975044,-2.2385569,0.09613439,9.84791,-4.193666,-0.071557164,-2.090131,-2.269153,1.5818542,0.3574089,0.08045086,-8.870551,0.5554849,0.19732071,0.32683188,-0.6864809,0.52338505,-0.31308663,-5.728255,0.14157017,-0.41836426,2.2220805,-2.169659,-0.036720607,-9.892811,0.0013894407,-1.8412867,0.6557477,-1.7876064,0.09628359,-3.6537309,0.48352548,0.9883669,-1.669785,-3.9558785,-3.424168,-0.96868694,-2.999125,-0.35855323,0.09493192,0.4113342,0.23514643,-1.1200752,4.110244,8.684117,0.124280035,-0.25846982,-0.2666674,-0.24093743,-0.11490527,1.1785853,-2.4937608,-0.26247406,-1.3266517,-0.8996881,5.5057216,-2.7042441,0.037514333,-0.0704043,0.23651604,-0.09104221,0.65884936,2.5899224,0.007058014,0.1063926,-0.8902214,-6.4048605,-2.422233,-0.52203375,3.7097747,0.0638562,-0.83034605,-0.025117652,-0.37556615,-0.008531382,0.020479849,-0.039803497,0.23574789,-0.62081033,0.12285808,-0.33024424,0.1744119,3.6880407,0.23744456,0.2921087,9.686409,0.1909753,-1.31384,0.18174647,-1.6193228,1.5649345,6.5528336,2.3762355,-1.3264604,-8.5621805,0.10842714,0.019490633,-0.25677934,0.1558218,0.055263124,0.13570751,-1.9660008,0.3182326,0.6322704,-0.1089884,-2.965134,1.5253798,-0.38237423,-4.7530727,-0.69169694,0.4734283,0.18987186,0.16128053,-0.10795961,-0.12566756,-3.2410192,-3.2112281,0.42028686,-1.4725608,-0.2925449,-0.037651036,-0.099742,0.06490211,-5.114143,1.8912084,-0.6921201,-0.11977495,0.30562034,-0.2147621,-0.3223017,-3.7893772,0.01212986,-2.026385,0.1758749,-0.17976204,0.018241104,0.3576687,0.7097793,0.41327497,4.20485,0.030938935,-0.010753468,4.4892125,2.3366597,-0.028414495,-2.3354268,-0.84705126,0.13357902,-1.6940142,-1.8474365,-0.37498263,0.38008058,-0.28432617,3.41499,-0.20453283,0.093896665,-0.23028634,2.2410245,-6.8227963,0.203117,5.860962,-3.2674367,-1.7819306,-0.29466164', '2025-09-13 04:34:17'),
(35, '', 'carlos', 'mejia', 20, '', '908123465', 'Mañana', 'carlos', '$2y$10$.VEZS/ltGRh5b3vXW0bVOe8fIhLhaqcGOvXzAzSkbzg2kxcHGXIWW', '', '2025-09-13', 'Marketing', '-0.27924293,0.4004896,0.35550347,-0.060575843,-1.5367643,0.3257687,-0.67753613,-0.8553083,0.9812943,0.61082524,-0.37818643,0.080658644,-0.29662782,0.9819871,-0.015777698,-0.23732987,-0.7933163,-0.453004,-0.15293464,0.20725015,-4.114456,0.6744146,-0.43121517,0.34328744,-0.9964931,0.19166367,-1.0756022,3.2523706,5.1510005,-1.5618612,0.18589702,4.8164444,0.981951,-0.0065447707,-0.8067956,2.9941158,0.19329081,-0.0023218319,0.11225601,-5.7557774,0.26851797,0.15540284,0.41598168,-0.41806212,0.34218293,-1.0210663,-1.4902772,-1.3458362,-0.38243276,1.4183158,-2.05775,-0.06116075,-2.8733118,-0.047513235,-2.4862337,0.20832993,-2.477271,0.086334504,-3.0279248,0.7054243,1.4933202,-2.3704615,-3.6838706,-4.0557394,-0.64157534,-1.4364603,-0.17232601,0.3578523,0.12697199,0.022363734,-0.8132742,1.4156604,0.23620464,0.25224927,-2.7020779,0.03500115,0.01875108,-0.07008023,5.002405,1.145762,-0.23911929,0.8947675,-0.4185507,2.519891,0.5272766,-0.091039956,-0.23658104,-1.7850255,0.8715503,-4.5777016,2.6254141,-0.06861352,0.24393536,-0.6828787,-0.9469414,-6.8541837,2.0139666,0.084357165,0.066042505,0.0390465,0.024287203,-0.39251998,-0.24105701,-0.06713124,0.06751734,0.16047868,-2.760242,0.13846712,0.0114506455,0.43145832,4.6805506,0.32288584,0.29657173,3.383041,0.07355149,-3.051418,-0.12530033,-1.2738855,-0.24855553,4.8320236,0.07286636,-0.46961683,-1.7130287,0.020864658,0.08000463,-0.02510693,0.11383862,-0.045550734,-0.22843319,-1.1854639,0.2593728,0.7065796,-0.0048831175,-1.8413737,0.6322731,-0.27676266,-3.4920173,-0.7124924,0.32297665,0.30073848,-0.015142261,-0.095177904,-0.14232877,-2.7403324,-1.9674933,0.20187747,-0.79767495,-0.12121736,0.07711938,-0.268763,0.08667643,-4.5368896,2.4657128,-0.5984151,-0.1657759,0.21195193,-0.17196123,-0.10476645,-2.2110643,-0.006653878,-1.6780347,-0.08570499,-0.04130697,0.032068785,0.068866424,0.56820905,0.25957307,3.008827,-0.06955331,-0.1343876,1.5152142,0.8213877,4.3230472E-4,0.36138237,0.17148808,0.08320103,-2.6787937,-1.5023527,-0.23150322,0.27126822,-0.72296447,1.526202,-0.06786171,-0.050929837,1.950733,2.9865818,-3.3592322,0.6342529,1.9187819,-2.206583,-1.5108774,-0.16199458', '2025-09-13 16:06:03'),
(36, '', 'celis', 'torres', 20, '', '234890765', 'Tarde', 'celis@gmail.com', '$2y$10$NCYi2vBT563rxuwWmkVZtOZnfoMiOgEHIwNRFKyQETOGCMPBMjd62', '', '2025-09-13', 'Diseño Gráfico', '0.30304372,0.45788613,0.29721296,0.055063117,-0.73088866,0.4646169,1.9171572,4.844032,-2.5785031,-2.533328,-0.082142666,0.068612404,0.44746202,-0.44760853,-0.11806898,7.394257,0.2875395,-0.11241551,0.42469415,0.024374332,-4.513443,1.1683758,-0.78032064,0.4297776,-3.5045834,1.4246211,-0.36782536,7.6476736,-4.521227,3.85518,-0.0680594,11.559238,0.33396184,-0.1346308,-2.8575532,3.1135192,2.52503,-1.1672035,0.26918703,-0.3621426,0.1585144,0.15755853,0.12679757,0.18550402,0.23139893,0.28436336,-10.857141,-2.8672776,-0.57829946,-1.6700767,-3.3258224,-0.522883,-1.9735456,-0.090085186,2.7390258,0.6839908,2.2761693,-0.031835556,-1.8441018,0.747771,-1.5186452,1.1119412,-6.730709,9.050331,-0.5537078,-2.7052164,-0.056556344,0.13948432,0.41172034,0.2523969,-0.3706084,-10.754453,2.0427935,-0.1496689,-4.856276,0.10021177,-0.15851109,-0.17510471,-0.7075525,-4.74743,-0.20743152,3.2583528,-0.216367,-1.4911543,2.039619,0.06563041,0.42991316,-3.079602,2.1031559,1.1094723,-3.572948,-0.1917527,0.7149815,-0.6084475,3.1441033,15.238076,-3.3869426,4.8270345,0.053849466,-0.10291089,0.03196216,0.1837909,0.22496831,-0.2735672,-0.2712711,0.19033971,1.2450472,0.26903385,1.0439394,0.90169364,1.6945251,0.30302352,0.281995,15.058283,0.20414552,3.0188754,-0.26685226,0.64030355,-4.020437,1.7276005,6.6975107,0.10097206,-8.084316,0.119287714,0.0073106834,0.2512817,0.007229376,-0.3824852,-0.065907404,4.204129,0.2052868,0.06751687,-0.009285939,-3.603205,-2.2095773,-0.36918262,-3.7485693,-0.48233038,-0.3836935,-0.7395681,0.45383883,0.16232257,0.14132275,3.9562554,-3.9097114,10.674554,-1.6073864,-0.02028523,0.41653448,-0.29585934,-0.3998079,5.3580875,3.9745116,-0.83682275,0.25922865,-0.15314317,0.24255103,0.5964229,-5.882123,0.122604325,-1.4027455,0.13555343,-0.05747131,-0.09477057,0.39667174,0.3192654,-0.30764946,5.0795565,0.0042671,0.28310695,5.5546165,-4.5191727,-0.17710637,-1.8104105,1.394621,0.10805845,-1.1396412,-1.9762272,-0.31785983,0.37537482,9.159599,-4.6054726,-0.35026926,-0.23690803,-4.703185,-8.282532,-5.193158,2.26001,1.363603,0.41660303,-1.2801911,-0.12827602', '2025-09-13 16:22:07'),
(37, '', 'roman', 'Skyler', 22, '', '908567554', 'Mañana', 'roman@gmail.com', '$2y$10$rD6LZZr7Svoygjfx4eVCN.95tRhIfvKJ7lHkdlrJabrM6Jtc8QhV.', '', '2025-09-14', 'Ciberseguridad', '-0.23121311,1.0098135,0.23533921,-0.37646535,-2.2784853,3.1072998,-4.1020293,-3.6734571,-3.2691188,-1.4142625,-1.0516558,0.28187114,-0.22295949,1.0158943,-0.03838338,1.230498,-1.2487279,-0.29481077,-0.039734066,-0.004903416,-2.679601,2.8605301,-4.24195,0.38986406,-3.5772002,0.22058102,-1.6153892,-0.6024832,7.213708,2.002535,-0.42585897,9.383499,3.0540798,0.14926103,2.1203198,4.934176,3.8561797,-0.9600773,0.09880542,-3.8462722,0.27956668,0.13876785,0.8246617,-0.593573,0.3704527,-1.2561473,-3.93612,1.2422781,-0.35744473,2.3550408,4.5628424,-0.14650163,-4.5121903,-0.17106342,-4.168919,0.15429704,2.2094789,0.19337183,-4.119062,1.0533029,1.487837,-2.4604433,-2.5127745,-0.77818185,-0.27276745,8.059556,-0.3127137,0.015844632,0.07000831,0.018029097,-1.1987841,-4.6877813,-0.48596743,0.6088773,-6.5358634,0.26424113,0.31328073,-0.09594618,9.016768,4.036911,-0.47300473,1.1957026,-0.37326708,5.0635176,-4.0001035,-0.06738111,-0.33580312,2.5759237,-0.77577865,-4.091351,5.9199595,-0.12995468,0.36694542,-0.7581167,-7.2858753,-5.258782,-0.77823716,-2.622918,-0.09846772,0.25077847,0.13136421,-0.7311371,-0.08713186,-0.022570824,-0.3215782,0.23726106,-5.973513,-0.050089456,0.60206896,0.09815999,1.8010755,0.48417136,0.374098,6.3895636,0.48883715,5.702128,-0.31447247,-1.5913221,1.3765333,5.265267,7.994682,0.3943339,-2.2748148,-0.21015438,0.06754438,-0.31206417,0.31539765,-0.15995827,0.122708656,3.3625767,0.5260173,0.7330093,-0.08584304,-0.6464702,3.4671328,-0.63499784,-8.173423,-1.8408713,0.05131709,0.8833746,-0.52306473,-0.050110817,-0.20566677,5.26122,-8.642397,0.8116031,-0.45782343,0.123154,0.5745533,-0.27321422,-0.47489738,-0.10551631,0.1358267,-0.996086,-0.33193445,-0.13248879,0.22353405,0.42914093,-3.3126407,-0.06639527,-2.7225127,-0.11568784,-0.28742433,-0.033162564,-0.07320078,1.080055,1.032162,-8.475927,0.044466663,-0.044568114,2.4438205,3.125879,-0.023056824,-1.4167687,1.5773591,0.161197,-1.7299343,-3.1527972,-0.44444814,0.30046025,-3.875749,-0.5230222,-0.4360342,-0.14952983,1.9774834,1.2026159,-1.7570252,2.1588774,-2.2122896,-3.4744349,-2.8812675,-0.40428513', '2025-09-15 16:39:21'),
(38, '', 'mauricio', 'Vicente', 28, '', '908465098', 'Mañana', 'mauricio@gmail.com', '$2y$10$i7RYCRUgimA0mGejRY7zceCb0blRNVY87QCY/FpBcJ6BjGmpwFooK', '', '2025-09-23', 'Ciberseguridad', '-0.9852416,0.95726645,0.38769218,0.47088102,-2.0135155,0.3479097,1.8429493,-2.4291718,-7.5378895,2.5201287,-0.3994982,0.4573338,0.30850744,0.33515388,-0.28514785,4.2326827,-0.35260525,-0.19630434,0.017613232,0.6477501,-8.806212,0.042744674,0.8255703,0.40519342,-4.4642324,0.042178426,-1.0109494,6.241925,-6.34371,-9.0469885,0.5106809,1.2034236,3.6645055,-0.28697494,-8.185435,-6.6642685,14.379355,-0.72516966,0.19873185,4.5160737,-0.085156456,0.065303996,0.48745602,-0.7037303,-0.3857801,2.1602287,-4.101118,0.5298106,-0.12811337,-2.8397539,18.322458,-0.16874033,3.6010249,-0.31846187,-4.3263974,-0.25754908,5.702735,-0.004701642,-2.2817292,1.3369727,2.25927,-2.944377,1.5348784,19.39023,-0.75821954,5.1053123,-0.08232437,1.6617925,0.40196413,-0.19045796,-1.1487092,-16.981424,-0.36511937,0.07810718,3.4627013,-0.08755658,0.21275108,-0.1344459,-0.8514215,9.309355,-0.05155586,-4.9544873,-0.5841121,8.541853,1.1926595,0.12241544,0.5510775,6.138023,2.8294961,-15.183542,-5.067819,-0.2232889,-0.20846695,-0.8023007,4.5519466,-9.954041,2.5246072,7.828554,0.2963128,-0.64304453,0.32872158,-0.12039358,-0.44946274,0.33971837,0.13354668,0.28797176,-6.4896073,0.047469363,-0.38496006,0.35058525,4.967522,0.7181169,-0.3725345,-7.491399,0.26741672,-9.379664,-0.091026686,-1.6081338,1.4669632,5.3316584,2.6849883,0.4724177,-3.0043838,0.14715898,0.047774773,-0.09530619,0.43766993,0.039940447,0.10671796,2.9713204,0.20609039,0.11894509,-0.19714311,2.0991764,5.1437387,-0.43566844,-1.9680008,0.7248501,-0.25488138,0.44585764,0.36769408,-0.12327258,0.04998223,8.273319,5.312676,9.352012,-0.20434621,-0.5922186,0.44818267,0.0403685,-0.6745227,4.1255975,0.33570266,-0.949189,0.2244316,-0.22532737,-0.481402,1.2400144,-2.845209,0.061562914,-1.5894043,0.15479499,-0.06662461,-0.09227601,-0.036714144,0.43539575,-0.018092036,6.269091,-0.018735105,-0.21895002,10.147873,4.419642,0.07191755,7.5796328,2.5289345,0.18240973,-3.4560752,-0.5427367,-0.4144776,0.07633735,-3.1353152,7.909357,-0.6618925,0.12758122,8.783653,0.14124595,5.1593003,-1.9166405,-0.023468811,-1.6088626,-1.7391107,-0.13321753', '2025-09-23 19:14:19'),
(39, '', 'Samuel', 'torres Guillermo', 25, '', '991908467', 'Tarde', 'Samuel@gmail.com', '$2y$10$X7D61dJwE9LAxlRhXJiwyuKCQLJdVz0t6H14YQ5vYWobyvOHMSQWC', '', '2025-10-11', 'Marketing', '0.17985488,0.76478,0.21781677,-0.5821221,-1.3548343,0.4888724,0.036076907,2.5951512,-7.130971,-0.38635913,-0.038477086,-0.03659578,0.11585497,1.3733603,-0.15305422,0.45914465,-0.09934712,0.0638624,0.27984524,-0.7334907,4.8937473,2.4854934,-0.040872484,0.57445097,-4.2136707,1.7802123,-0.6318676,0.9927619,6.8504324,3.3685756,-0.13510467,11.65747,9.952181,-0.20529933,-7.5457687,8.635247,0.3080753,-1.3102466,0.5147314,-18.043953,-0.047742248,0.21157232,0.22881502,0.2612448,0.2701809,1.5347922,4.9582734,3.8501737,-0.37191072,-3.6599286,1.1575414,-0.28398305,-0.087818176,-0.010844531,9.702579,0.54790235,-6.425587,0.14900045,-3.386161,0.8458507,0.05157131,-5.105028,-0.8388717,8.582609,0.39319506,-8.372428,-0.38898087,-0.46827167,0.5744898,-0.14983739,-0.90782577,-11.478251,0.40624285,0.55439883,6.4079866,0.88200545,-0.30447087,-0.06134151,-1.8523052,-4.2954483,-0.031748697,2.3014462,-0.39267385,4.518888,-2.0634072,0.022652254,0.2173989,-1.619211,0.1784707,11.019378,3.9555063,-0.2647326,0.573218,-0.80033976,9.4151325,6.3036427,-0.29237884,2.4938688,-0.18192849,-1.1589254,0.022701625,0.11337503,0.34792507,-0.10016757,-0.35135162,0.20249444,-2.6580257,0.27041993,0.7569584,1.1505464,-2.126285,0.19427003,0.49405074,15.4205065,0.45047843,-1.7541597,-0.13194151,-1.7005135,-1.3744929,4.279876,-4.20302,-1.3992645,-7.2067556,-0.078627296,0.23850614,0.32039735,-0.19412999,-0.5481913,0.10884389,-5.9848914,0.31818017,0.48118696,-0.025512181,-7.1132593,-0.3916545,-0.5217861,-8.069445,-2.072256,-0.55896527,0.058077388,0.48124486,-0.31141558,0.06805188,5.541782,-6.758348,12.858694,-2.296532,-0.43531543,0.23291211,-0.40906143,0.27480784,-4.0353622,5.49584,-0.53213155,0.37039137,-0.071303196,0.23147002,0.6004389,-5.303511,0.12577297,-1.7160575,-0.27486512,-0.5300063,-0.049550433,0.571864,0.4782011,0.1957143,3.4839065,-0.08390858,0.19777001,8.531384,-0.0044501163,-0.1327514,0.516926,-1.6130459,0.2217007,-5.594536,-3.6185417,-0.43507898,0.28400517,1.6417513,1.3742473,-0.118289076,-0.118763775,-7.131329,-4.919385,-6.972433,2.0793638,-2.9772444,-4.70962,-2.304314,0.036578696', '2025-10-11 16:35:14');

-- --------------------------------------------------------

--
-- Estructura de tabla para la tabla `usuarios`
--

CREATE TABLE `usuarios` (
  `id` int(11) NOT NULL,
  `username` varchar(255) NOT NULL,
  `email` varchar(255) NOT NULL,
  `password` varchar(255) NOT NULL,
  `created_at` timestamp NOT NULL DEFAULT current_timestamp()
) ENGINE=InnoDB DEFAULT CHARSET=utf8mb4 COLLATE=utf8mb4_general_ci;

--
-- Volcado de datos para la tabla `usuarios`
--

INSERT INTO `usuarios` (`id`, `username`, `email`, `password`, `created_at`) VALUES
(1, 'ivan', 'ivan', '$2y$10$1tEXelty15tJUWm2frpXtOJGnmwtT8OUTc8OdQFlBBxRDQIR9WPYi', '2025-03-15 22:03:30');

--
-- Índices para tablas volcadas
--

--
-- Indices de la tabla `attendance`
--
ALTER TABLE `attendance`
  ADD PRIMARY KEY (`id`);

--
-- Indices de la tabla `ubicaciones`
--
ALTER TABLE `ubicaciones`
  ADD PRIMARY KEY (`id`),
  ADD KEY `user_id` (`user_id`);

--
-- Indices de la tabla `users`
--
ALTER TABLE `users`
  ADD PRIMARY KEY (`id`),
  ADD UNIQUE KEY `correo` (`correo`);

--
-- Indices de la tabla `usuarios`
--
ALTER TABLE `usuarios`
  ADD PRIMARY KEY (`id`);

--
-- AUTO_INCREMENT de las tablas volcadas
--

--
-- AUTO_INCREMENT de la tabla `attendance`
--
ALTER TABLE `attendance`
  MODIFY `id` bigint(20) UNSIGNED NOT NULL AUTO_INCREMENT, AUTO_INCREMENT=5;

--
-- AUTO_INCREMENT de la tabla `ubicaciones`
--
ALTER TABLE `ubicaciones`
  MODIFY `id` int(11) NOT NULL AUTO_INCREMENT, AUTO_INCREMENT=29;

--
-- AUTO_INCREMENT de la tabla `users`
--
ALTER TABLE `users`
  MODIFY `id` int(11) NOT NULL AUTO_INCREMENT, AUTO_INCREMENT=40;

--
-- AUTO_INCREMENT de la tabla `usuarios`
--
ALTER TABLE `usuarios`
  MODIFY `id` int(11) NOT NULL AUTO_INCREMENT, AUTO_INCREMENT=3;

--
-- Restricciones para tablas volcadas
--

--
-- Filtros para la tabla `ubicaciones`
--
ALTER TABLE `ubicaciones`
  ADD CONSTRAINT `ubicaciones_ibfk_1` FOREIGN KEY (`user_id`) REFERENCES `users` (`id`) ON DELETE CASCADE;
COMMIT;

/*!40101 SET CHARACTER_SET_CLIENT=@OLD_CHARACTER_SET_CLIENT */;
/*!40101 SET CHARACTER_SET_RESULTS=@OLD_CHARACTER_SET_RESULTS */;
/*!40101 SET COLLATION_CONNECTION=@OLD_COLLATION_CONNECTION */;
